Date,Domestic (Departure Flights),Domestic (Departing Pax),Domestic (Arrival Flights),Domestic (Arriving Pax),International (Departure Flights),International (Departing Pax),Year,Month
2020-07-07,715,61512,719,60326,,,2020,7
2020-07-17,779,62975,777,62395,,,2020,7
2020-08-10,911,90777,908,89322,,,2020,8
2020-08-13,880,80192,882,78766,,,2020,8
2020-08-15,947,93639,945,89887,,,2020,8
2020-09-06,1233,141992,1238,143585,,,2020,9
2020-09-12,1298,143811,1294,143717,,,2020,9
2020-09-16,1383,116398,1376,116848,,,2020,9
2020-09-25,1488,139741,1488,141644,,,2020,9
2020-10-05,1545,165516,1544,166609,,,2020,10
2020-10-18,1521,152286,1519,151873,,,2020,10
2020-10-28,1628,160064,1623,159394,,,2020,10
2020-10-25,1589,160418,1587,159457,,,2020,10
2020-10-29,1729,187589,1724,188264,,,2020,10
2020-11-23,1911,238745,1897,238509,,,2020,11
2020-11-29,2027,252374,2028,256630,,,2020,11
2020-12-07,1897,206183,1890,209603,,,2020,12
2020-12-13,2077,223786,2072,224703,,,2020,12
2020-12-17,2114,227334,2105,226265,,,2020,12
2021-01-05,2198,223932,2206,228009,,,2021,1
2021-01-18,2091,229580,2088,226717,,,2021,1
2021-02-27,2324,278353,2317,271118,,,2021,2
2021-03-19,2330,247037,2333,249039,,,2021,3
2021-04-13,799,63425,806,61962,,,2021,4
2021-04-30,1246,122939,1250,124348,,,2021,4
2021-07-01,1339,139172,1335,141517,,,2021,7
2021-07-02,1382,143366,1392,143900,,,2021,7
2021-07-03,1436,158623,1444,158942,,,2021,7
2021-07-05,1413,147550,1415,149997,,,2021,7
2021-07-06,1307,128245,1311,129629,,,2021,7
2021-07-07,1334,138896,1337,139296,,,2021,7
2021-07-12,1414,147594,1417,149643,,,2021,7
2021-07-21,1658,156822,1658,155643,114.0,9732.0,2021,7
2021-07-22,1551,138677,1546,137278,92.0,7509.0,2021,7
2021-07-29,1565,141117,1566,141774,95.0,9629.0,2021,7
2021-07-30,1649,154761,1654,155980,137.0,11824.0,2021,7
2021-08-03,1825,207956,1834,210086,100.0,9997.0,2021,8
2021-08-04,1816,206460,1809,205582,128.0,12388.0,2021,8
2021-08-05,1823,205697,1822,207634,125.0,11940.0,2021,8
2021-08-06,1919,224780,1923,224455,149.0,14284.0,2021,8
2021-08-07,1933,236322,1924,238960,148.0,16861.0,2021,8
2021-08-09,1852,203894,1854,206642,167.0,20684.0,2021,8
2021-08-10,1799,195122,1800,196092,148.0,19135.0,2021,8
2021-08-12,1770,197804,1766,197849,170.0,22778.0,2021,8
2021-08-13,1856,219943,1855,222703,188.0,26917.0,2021,8
2021-08-14,1851,234209,1855,235178,182.0,25879.0,2021,8
2021-08-15,1842,219885,1834,213942,191.0,24732.0,2021,8
2021-08-16,1857,207122,1865,205090,190.0,25871.0,2021,8
2021-08-17,1740,183949,1745,185351,147.0,19693.0,2021,8
2021-08-18,1786,197813,1771,199547,185.0,27368.0,2021,8
2021-08-19,1747,198441,1757,199764,165.0,23655.0,2021,8
2021-08-20,1851,216094,1847,212140,211.0,28575.0,2021,8
2021-08-21,1907,222179,1902,220539,211.0,29060.0,2021,8
2021-08-22,1938,226543,1925,218708,199.0,28451.0,2021,8
2021-08-26,1728,184821,1723,181985,197.0,28702.0,2021,8
2021-08-27,1859,203865,1859,206208,207.0,30652.0,2021,8
2021-08-28,1891,218709,1889,212143,213.0,29938.0,2021,8
2021-08-29,1917,223079,1913,211414,197.0,29419.0,2021,8
2021-09-17,2059,229683,2052,229086,232.0,35053.0,2021,9
2021-09-24,2062,235792,2062,235700,241.0,36233.0,2021,9
2021-09-26,2141,269902,2132,261146,232.0,37760.0,2021,9
2021-09-27,2066,223206,2077,226470,244.0,36434.0,2021,9
2021-09-29,1971,215569,1975,215650,235.0,35314.0,2021,9
2021-10-01,2194,261139,2197,262297,253.0,38555.0,2021,10
2021-10-02,2224,269985,2214,267816,255.0,39521.0,2021,10
2021-10-03,2231,274186,2234,266582,240.0,38925.0,2021,10
2021-10-04,2190,245267,2199,250502,257.0,37718.0,2021,10
2021-10-07,2187,251971,2185,252216,232.0,34344.0,2021,10
2021-10-15,2390,283327,2378,287721,271.0,42204.0,2021,10
2021-10-09,2340,304020,2344,300694,267.0,40741.0,2021,10
2021-10-18,2400,310776,2407,312764,255.0,35955.0,2021,10
2021-10-26,2228,256150,2237,259339,227.0,32628.0,2021,10
2021-10-27,2251,266454,2258,267026,256.0,37265.0,2021,10
2021-11-05,2583,273762,2551,266666,250.0,39070.0,2021,11
2021-11-07,2701,378992,2692,368027,274.0,44853.0,2021,11
2021-11-08,2725,371159,2727,368776,247.0,39884.0,2021,11
2021-11-15,2735,366423,2743,365748,281.0,47103.0,2021,11
2021-11-27,2773,388945,2768,382901,286.0,48170.0,2021,11
2021-11-29,2778,369192,2778,366445,272.0,46000.0,2021,11
2021-12-13,2793,360006,2812,362695,292.0,48685.0,2021,12
2021-12-26,2804,385534,2791,388907,313.0,56168.0,2021,12
2021-12-27,2812,366886,2821,365353,294.0,51350.0,2021,12
2021-12-28,2777,348194,2775,345074,301.0,47285.0,2021,12
2021-12-29,2781,345406,2780,342479,304.0,52480.0,2021,12
2021-12-30,2815,347655,2807,345590,299.0,50504.0,2021,12
2021-12-31,2737,319383,2750,322873,318.0,55116.0,2021,12
2022-01-01,2736,308047,2713,298214,305.0,49972.0,2022,1
2022-01-02,2794,358856,2784,350135,328.0,52252.0,2022,1
2022-01-03,2810,337548,2818,339300,310.0,50353.0,2022,1
2022-01-04,2660,285965,2659,289115,306.0,48824.0,2022,1
2022-01-06,2469,248604,2480,253261,311.0,50414.0,2022,1
2022-01-05,2543,258071,2539,259280,307.0,50624.0,2022,1
2022-01-07,2518,260251,2511,259732,341.0,54737.0,2022,1
2022-01-08,2366,241252,2365,241108,321.0,53075.0,2022,1
2022-01-09,2409,240795,2414,237526,344.0,55931.0,2022,1
2022-01-10,2247,214273,2261,216845,316.0,49977.0,2022,1
2022-01-11,2061,189392,2058,187514,303.0,46818.0,2022,1
2022-01-12,2035,191841,2028,191895,317.0,50242.0,2022,1
2022-01-13,2062,176438,2063,177274,315.0,47590.0,2022,1
2022-01-14,1991,167447,1994,169545,344.0,52681.0,2022,1
2022-01-15,1903,165678,1907,167542,305.0,48231.0,2022,1
2022-01-16,2035,185308,2014,180017,335.0,51254.0,2022,1
2022-01-17,1993,176254,1999,178600,306.0,46660.0,2022,1
2022-01-19,1610,147824,1621,151071,299.0,44126.0,2022,1
2022-01-18,1647,150052,1654,150496,290.0,41334.0,2022,1
2022-01-20,1650,157533,1650,156029,305.0,44382.0,2022,1
2022-01-21,1794,175882,1782,178236,328.0,47902.0,2022,1
2022-01-22,1778,184275,1779,183665,317.0,46672.0,2022,1
2022-01-23,1798,187065,1792,179343,326.0,47259.0,2022,1
2022-01-24,1661,165520,1681,165156,289.0,42247.0,2022,1
2022-01-25,1568,156591,1579,159044,279.0,38960.0,2022,1
2022-01-26,1601,176156,1597,174623,298.0,44150.0,2022,1
2022-01-27,1515,160597,1525,162562,296.0,42177.0,2022,1
2022-01-28,1614,171711,1604,171921,323.0,46810.0,2022,1
2022-01-29,1613,179865,1619,177547,316.0,47542.0,2022,1
2022-01-30,1808,211992,1803,201381,314.0,47380.0,2022,1
2022-01-31,1690,182872,1702,187694,288.0,44032.0,2022,1
2022-02-01,1449,158968,1445,161122,265.0,37678.0,2022,2
2022-02-02,1572,179978,1572,180020,278.0,42717.0,2022,2
2022-02-03,1562,186683,1564,187924,280.0,41499.0,2022,2
2022-02-04,1775,222765,1765,222917,305.0,46385.0,2022,2
2022-02-05,1788,229672,1787,226046,300.0,46302.0,2022,2
2022-02-06,1902,261328,1891,253023,305.0,47455.0,2022,2
2022-02-07,1857,240773,1869,240989,277.0,43032.0,2022,2
2022-02-08,1775,225240,1764,225308,273.0,40413.0,2022,2
2022-02-09,1821,235038,1822,234536,281.0,43477.0,2022,2
2022-02-10,1812,237677,1804,236126,279.0,43715.0,2022,2
2022-02-12,1943,272516,1953,272874,296.0,48566.0,2022,2
2022-02-11,1979,270660,1958,264831,312.0,49298.0,2022,2
2022-02-13,2066,294146,2058,287137,318.0,49910.0,2022,2
2022-02-14,2005,269654,2017,272158,272.0,45108.0,2022,2
2022-02-15,1963,263795,1961,264723,263.0,42435.0,2022,2
2022-02-17,2169,294166,2160,292126,287.0,44255.0,2022,2
2022-02-16,2175,295605,2174,295606,287.0,47229.0,2022,2
2022-02-18,2234,310288,2235,308639,310.0,48418.0,2022,2
2022-02-19,2258,324537,2261,319701,299.0,48852.0,2022,2
2022-02-21,2338,323995,2339,324896,276.0,45975.0,2022,2
2022-02-23,2170,290696,2158,290109,289.0,48364.0,2022,2
2022-02-24,2213,300577,2224,303756,287.0,47516.0,2022,2
2022-02-25,2254,320759,2240,315752,318.0,52803.0,2022,2
2022-02-26,2287,337312,2296,337387,304.0,54839.0,2022,2
2022-03-01,2468,310815,2453,308819,296.0,48295.0,2022,3
2022-03-02,2484,310081,2483,308885,319.0,53579.0,2022,3
2022-03-06,2667,367724,2653,362187,334.0,57570.0,2022,3
2022-03-10,2522,332672,2521,333935,302.0,50537.0,2022,3
2022-03-11,2616,349262,2593,347065,339.0,58109.0,2022,3
2022-03-14,2666,356454,2682,358342,306.0,53384.0,2022,3
2022-03-18,2473,293157,2496,302125,343.0,57779.0,2022,3
2022-03-19,2563,319802,2563,305852,333.0,58586.0,2022,3
2022-03-20,2697,372532,2674,362228,345.0,60215.0,2022,3
2022-03-21,2736,380749,2736,379963,327.0,56452.0,2022,3
2022-03-22,2583,344529,2593,346703,311.0,52628.0,2022,3
2022-03-23,2598,346683,2601,348858,325.0,56811.0,2022,3
2022-03-25,2593,355530,2589,353978,363.0,61814.0,2022,3
2022-03-26,2591,375361,2597,365728,335.0,59239.0,2022,3
2022-03-27,2742,381661,2717,373238,318.0,57473.0,2022,3
2022-03-28,2753,352487,2760,349824,326.0,58799.0,2022,3
2022-03-31,2558,304021,2561,305959,333.0,59596.0,2022,3
2022-04-01,2656,323573,2640,322237,363.0,65883.0,2022,4
2022-04-03,2713,341627,2710,339564,369.0,66991.0,2022,4
2022-04-04,2640,311260,2655,317520,352.0,61160.0,2022,4
2022-04-06,2489,298100,2482,300365,342.0,60138.0,2022,4
2022-04-05,2473,308195,2481,291095,342.0,58537.0,2022,4
2022-04-07,2502,303367,2487,301080,342.0,58556.0,2022,4
2022-04-08,2647,334469,2641,336959,369.0,64923.0,2022,4
2022-04-09,2706,358918,2704,361685,359.0,62231.0,2022,4
2022-04-10,2764,382595,2763,374936,364.0,66238.0,2022,4
2022-04-11,2665,340124,2674,339980,344.0,60981.0,2022,4
2022-04-13,2785,371165,2760,372775,338.0,59996.0,2022,4
2022-04-21,2747,334189,2767,337690,370.0,61283.0,2022,4
2022-04-30,2839,377909,2833,380092,388.0,66187.0,2022,4
2022-05-11,2600,340139,2604,342459,384.0,70586.0,2022,5
2022-05-13,2831,381404,2811,378623,409.0,75258.0,2022,5
2022-05-14,2832,384550,2812,387931,407.0,76530.0,2022,5
2022-05-15,2865,401357,2858,393969,408.0,76853.0,2022,5
2022-05-16,2835,388955,2831,386011,404.0,76464.0,2022,5
2022-06-02,2800,356350,2803,358471,416.0,69493.0,2022,6
2022-11-29,2770,391014,2779,389088,443.0,79172.0,2022,11
2022-12-03,2786,404816,2789,401118,451.0,86491.0,2022,12
2023-01-03,2883,408970,2877,400087,442.0,88274.0,2023,1
2023-01-07,2899,412860,2899,412818,444.0,97927.0,2023,1
2023-02-01,2942,408352,2965,411425,425.0,88672.0,2023,2
2023-02-02,3005,405167,3004,410488,444.0,90902.0,2023,2
2023-02-19,3037,444845,3031,441601,453.0,100699.0,2023,2
2023-02-18,3060,434625,3066,439174,451.0,97906.0,2023,2
2023-03-04,3012,445725,3017,450129,461.0,103598.0,2023,3
2023-03-05,2978,442574,2977,442232,464.0,103019.0,2023,3
2023-03-06,2993,423262,2989,424690,461.0,98234.0,2023,3
2023-03-09,2975,407979,2968,405327,450.0,92582.0,2023,3
2023-03-10,2966,421505,2963,418321,467.0,96700.0,2023,3
2023-03-11,2979,439183,2980,433945,455.0,96367.0,2023,3
2023-03-12,2970,447492,2966,441342,460.0,99838.0,2023,3
2023-03-13,2990,438540,3003,438544,452.0,93203.0,2023,3
2023-03-14,3008,432342,3000,427324,442.0,91144.0,2023,3
2023-03-15,2987,432249,2980,426612,441.0,95882.0,2023,3
2023-03-17,2997,437117,3009,443307,462.0,100785.0,2023,3
2023-03-18,3013,442114,3016,442815,455.0,99384.0,2023,3
2023-03-19,2945,434579,2886,424661,469.0,99276.0,2023,3
2023-03-20,2960,421790,2958,420424,454.0,95191.0,2023,3
2023-03-21,2966,409022,2976,404730,445.0,90966.0,2023,3
2023-03-22,2939,402777,2943,403384,444.0,91768.0,2023,3
2023-03-23,2940,401822,2953,402214,462.0,92280.0,2023,3
2023-03-24,2968,406566,2969,404521,462.0,94687.0,2023,3
2023-03-25,2931,412977,2939,415375,457.0,98606.0,2023,3
2023-03-26,2951,423923,2959,418235,463.0,97766.0,2023,3
2023-03-27,2961,406978,2960,403435,462.0,91541.0,2023,3
2023-03-28,2958,388135,2959,387443,446.0,88508.0,2023,3
2023-03-29,2912,383945,2904,386061,459.0,91073.0,2023,3
2023-03-30,2983,398338,2972,397463,454.0,89331.0,2023,3
2023-03-31,2953,413102,2969,414278,464.0,102685.0,2023,3
2023-04-01,3043,419112,3050,419872,464.0,100071.0,2023,4
2023-04-02,2977,427914,2969,423377,474.0,99248.0,2023,4
2023-04-03,2966,415060,2971,413258,462.0,94065.0,2023,4
2023-04-04,2942,409597,2937,406298,444.0,90020.0,2023,4
2023-04-05,2914,411855,2916,411119,462.0,94662.0,2023,4
2023-04-06,2962,427684,2961,427502,469.0,96240.0,2023,4
2023-04-07,2976,439110,2963,443545,464.0,98398.0,2023,4
2023-04-08,2971,437902,2968,435989,468.0,95528.0,2023,4
2023-04-09,2979,450443,2975,448242,475.0,96893.0,2023,4
2023-04-10,2911,441327,2903,431371,464.0,93779.0,2023,4
2023-04-11,2892,425240,2892,423313,442.0,88219.0,2023,4
2023-04-12,2890,417506,2904,420701,464.0,87895.0,2023,4
2023-04-14,2941,424933,2948,428906,470.0,90162.0,2023,4
2023-04-15,2956,419009,2953,420910,463.0,94456.0,2023,4
2023-04-16,2953,434009,2950,431067,469.0,93091.0,2023,4
2023-04-17,2965,428842,2978,427455,460.0,90151.0,2023,4
2023-04-18,2955,412436,2959,414155,443.0,87908.0,2023,4
2023-04-19,2907,408722,2913,412806,463.0,89214.0,2023,4
2023-04-20,2933,417139,2933,420654,465.0,90735.0,2023,4
2023-04-21,2945,421625,2950,428313,459.0,90960.0,2023,4
2023-04-22,2969,428017,2974,430675,461.0,92190.0,2023,4
2023-04-23,2976,436301,2969,433099,470.0,93822.0,2023,4
2023-04-24,2965,432548,2961,435230,474.0,91780.0,2023,4
2023-04-25,2960,432205,2974,434671,458.0,90219.0,2023,4
2023-04-26,2945,430651,2954,435090,470.0,96277.0,2023,4
2023-04-27,3054,437487,3037,439968,475.0,97082.0,2023,4
2023-04-28,2994,443939,2996,448158,468.0,102224.0,2023,4
2023-04-29,2975,450615,2982,454728,480.0,103707.0,2023,4
2023-04-30,2978,456082,2969,457254,471.0,104544.0,2023,4
2023-05-01,2936,448248,2943,451164,474.0,99550.0,2023,5
2023-05-02,2879,428712,2890,428234,463.0,97268.0,2023,5
2023-05-03,2763,414782,2762,418770,453.0,97642.0,2023,5
2023-05-04,2816,422698,2816,424102,453.0,98721.0,2023,5
2023-05-05,2794,422291,2800,424655,462.0,99215.0,2023,5
2023-05-06,2808,421748,2801,425199,451.0,100762.0,2023,5
2023-05-07,2807,427690,2815,430091,469.0,101517.0,2023,5
2023-05-08,2820,423735,2812,426524,445.0,96519.0,2023,5
2023-05-09,2812,417457,2812,420648,427.0,90088.0,2023,5
2023-05-10,2781,414454,2790,419705,445.0,97122.0,2023,5
2023-05-11,2800,417263,2786,416485,460.0,97508.0,2023,5
2023-05-12,2819,422802,2833,426758,452.0,97792.0,2023,5
2023-05-13,2816,423572,2817,423347,459.0,100477.0,2023,5
2023-05-14,2827,431914,2824,430016,454.0,98718.0,2023,5
2023-05-15,2799,425579,2787,424668,457.0,96526.0,2023,5
2023-05-16,2791,420229,2798,422598,438.0,90560.0,2023,5
2023-05-17,2782,415526,2789,421527,437.0,91440.0,2023,5
2023-05-18,2818,421317,2805,421375,459.0,95475.0,2023,5
2023-05-19,2801,421333,2806,422209,454.0,95048.0,2023,5
2023-05-20,2835,429423,2850,431789,450.0,100281.0,2023,5
2023-05-21,2834,433373,2824,433048,461.0,98637.0,2023,5
2023-05-22,2831,430321,2837,431034,456.0,95928.0,2023,5
2023-05-23,2837,426532,2835,426286,435.0,89154.0,2023,5
2023-05-24,2808,424240,2811,425145,437.0,92446.0,2023,5
2023-05-25,2839,428509,2826,426783,450.0,92165.0,2023,5
2023-05-26,2840,431091,2859,430575,459.0,96130.0,2023,5
2023-05-27,2836,433397,2834,430757,454.0,96605.0,2023,5
2023-05-28,2848,432270,2841,429909,473.0,98322.0,2023,5
2023-05-29,2859,425409,2872,422893,456.0,93376.0,2023,5
2023-05-30,2834,421387,2834,417326,438.0,87703.0,2023,5
2023-05-31,2824,422296,2819,419151,1280.0,95031.0,2023,5
2023-06-02,2828,425827,2847,424055,467.0,96526.0,2023,6
2023-06-03,2826,433732,2818,426707,470.0,98563.0,2023,6
2023-06-04,2822,432700,2827,430167,472.0,99634.0,2023,6
2023-06-05,2830,427081,2834,427734,462.0,94200.0,2023,6
2023-06-06,2822,425903,2814,421290,441.0,87611.0,2023,6
2023-06-07,2779,418619,2789,415780,447.0,92722.0,2023,6
2023-06-08,2838,429035,2831,423385,477.0,93331.0,2023,6
2023-06-09,2828,429487,2822,423810,469.0,96900.0,2023,6
2023-06-10,2832,435005,2823,426307,465.0,100782.0,2023,6
2023-06-11,2829,432804,2831,427393,471.0,100047.0,2023,6
2023-06-12,2806,419477,2814,414893,451.0,92559.0,2023,6
2023-06-13,2780,412888,2779,409281,450.0,85598.0,2023,6
2023-06-14,2754,404057,2764,410401,455.0,92719.0,2023,6
2023-06-15,2793,411641,2784,413065,473.0,91707.0,2023,6
2023-06-16,2776,411516,2774,411544,477.0,93873.0,2023,6
2023-06-17,2771,413158,2770,417493,480.0,92225.0,2023,6
2023-06-18,2796,421071,2794,418204,480.0,94569.0,2023,6
2023-06-19,2791,407823,2794,414267,474.0,90085.0,2023,6
2023-06-23,2796,417308,2793,418754,477.0,83965.0,2023,6
2023-06-24,2787,413397,2783,415988,468.0,85224.0,2023,6
2023-06-25,2813,423581,2808,419648,473.0,86772.0,2023,6
2023-06-26,2784,413947,2787,418212,472.0,77171.0,2023,6
2023-06-27,2767,409062,2766,409851,445.0,72919.0,2023,6
2023-06-28,2761,409994,2771,410451,464.0,78492.0,2023,6
2023-06-29,2797,405181,2790,410466,462.0,82668.0,2023,6
2023-06-30,2767,397752,2770,404654,467.0,88228.0,2023,6
2023-07-01,2787,410368,2789,410109,468.0,94168.0,2023,7
2023-07-02,2800,420639,2794,418684,468.0,91033.0,2023,7
2023-07-03,2790,408923,2800,410511,476.0,89782.0,2023,7
2023-07-04,2789,401925,2782,402026,445.0,80725.0,2023,7
2023-07-05,2750,398324,2764,401054,466.0,85404.0,2023,7
2023-07-08,2803,413236,2818,417559,469.0,92518.0,2023,7
2023-07-09,2750,402368,2748,401655,466.0,92552.0,2023,7
2023-07-10,2772,399090,2771,397873,463.0,90904.0,2023,7
2023-07-11,2827,390809,2826,386796,456.0,78964.0,2023,7
2023-07-12,2784,394229,2786,391153,469.0,87246.0,2023,7
2023-07-13,2819,394318,2821,398861,468.0,88282.0,2023,7
2023-07-14,2823,406630,2825,406905,470.0,91237.0,2023,7
2023-07-15,2804,412431,2799,410807,468.0,96293.0,2023,7
2023-07-17,2787,392750,2805,389752,472.0,92096.0,2023,7
2023-07-18,2774,379952,2779,380021,469.0,84703.0,2023,7
2023-07-19,2771,375869,2768,378812,454.0,87019.0,2023,7
2023-07-20,2778,380932,2783,384156,469.0,90391.0,2023,7
2023-07-21,2839,397323,2833,393157,476.0,92115.0,2023,7
2023-07-22,2795,395566,2792,397398,482.0,95055.0,2023,7
2023-07-23,2822,401280,2825,397909,479.0,95889.0,2023,7
2023-07-24,2801,385233,2807,381453,473.0,90185.0,2023,7
2023-07-25,2787,365618,2788,368087,463.0,87498.0,2023,7
2023-07-26,2791,364118,2791,365738,461.0,90598.0,2023,7
2023-07-27,2798,368629,2804,370822,467.0,92115.0,2023,7
2023-07-28,2801,384463,2793,383479,490.0,94001.0,2023,7
2023-07-29,2779,386075,2787,385583,486.0,98243.0,2023,7
2023-07-30,2787,385296,2795,387225,488.0,98924.0,2023,7
2023-07-31,2780,372050,2789,376656,480.0,98228.0,2023,7
2023-08-01,2798,363919,2794,364313,479.0,89236.0,2023,8
2023-08-02,2762,362250,2759,362882,461.0,95005.0,2023,8
2023-08-03,2825,373860,2819,373071,475.0,97516.0,2023,8
2023-08-04,2833,390737,2822,386981,471.0,98380.0,2023,8
2023-08-05,2778,403039,2776,394437,481.0,101927.0,2023,8
2023-08-06,2851,412350,2848,410171,478.0,102046.0,2023,8
2023-08-07,2799,392226,2810,397920,471.0,100597.0,2023,8
2023-08-08,2788,384677,2787,384295,466.0,95063.0,2023,8
2023-08-09,2770,393275,2771,390887,471.0,99976.0,2023,8
2023-08-10,2797,413352,2799,412237,472.0,102724.0,2023,8
2023-08-11,2835,421444,2863,425692,475.0,105092.0,2023,8
2023-08-13,2878,424532,2884,424109,487.0,107033.0,2023,8
2023-08-14,2795,387903,2795,384825,506.0,105996.0,2023,8
2023-08-15,2827,395179,2827,390570,471.0,96353.0,2023,8
2023-08-28,2868,403640,2890,400802,477.0,97592.0,2023,8
2023-09-20,2844,386961,2850,387051,458.0,95705.0,2023,9
2023-10-13,2968,407454,2971,406101,480.0,92875.0,2023,10
2023-10-14,2928,399367,2929,398529,496.0,93774.0,2023,10
2023-10-15,2943,412061,2937,406324,488.0,99615.0,2023,10
2023-10-16,2917,383861,2889,384269,466.0,97422.0,2023,10
2023-10-17,2849,378320,2851,380954,473.0,87735.0,2023,10
2023-10-18,2789,379009,2803,383232,457.0,86595.0,2023,10
2023-10-19,2949,407654,2930,408195,475.0,90792.0,2023,10
2023-10-20,2897,419514,2911,419363,475.0,93117.0,2023,10
2023-10-21,2939,429357,2923,427820,496.0,100733.0,2023,10
2023-10-22,2985,409197,2987,405040,494.0,97989.0,2023,10
2023-10-23,2909,364384,2933,366685,494.0,93135.0,2023,10
2023-10-24,2962,392036,2956,385345,475.0,80421.0,2023,10
2023-10-25,2948,415746,2944,416320,478.0,85464.0,2023,10
2023-10-26,2947,413565,2935,419192,485.0,83478.0,2023,10
2023-10-27,2801,388033,2801,385580,492.0,88180.0,2023,10
2023-10-28,2937,419928,2950,423519,487.0,93012.0,2023,10
2023-10-29,2894,420663,2922,417853,496.0,94689.0,2023,10
2023-10-30,2910,412907,2902,410571,488.0,88964.0,2023,10
2023-10-31,2884,399735,2872,399983,478.0,85534.0,2023,10
2023-11-01,2859,387824,2858,390500,495.0,83536.0,2023,11
2023-11-02,2927,402982,2937,401436,500.0,83598.0,2023,11
2023-11-04,2923,412931,2916,411505,507.0,93637.0,2023,11
2023-11-05,2922,426356,2930,438305,503.0,96138.0,2023,11
2023-11-06,2996,413376,2949,413515,502.0,87174.0,2023,11
2023-11-07,2925,393649,2942,400846,483.0,78632.0,2023,11
2023-11-08,2914,393333,2905,395409,494.0,81879.0,2023,11
2023-11-09,2949,402113,2959,401102,508.0,84188.0,2023,11
2023-11-10,2985,413953,2990,417195,515.0,79779.0,2023,11
2023-11-11,2958,394289,2975,408298,509.0,94180.0,2023,11
2023-11-12,2840,311762,2861,338167,504.0,84909.0,2023,11
2023-11-13,2929,364666,2923,356636,498.0,92795.0,2023,11
2023-11-14,2940,401499,2946,391798,496.0,95010.0,2023,11
2023-11-15,2935,415161,2942,408725,506.0,98657.0,2023,11
2023-11-16,2968,406352,2949,428798,505.0,94016.0,2023,11
2023-11-17,2942,434905,2948,431847,515.0,94306.0,2023,11
2023-11-18,2987,456748,2971,455721,518.0,102632.0,2023,11
2023-11-19,2984,456910,2986,455996,517.0,102589.0,2023,11
2023-11-20,2992,459526,2990,462121,512.0,98159.0,2023,11
2023-11-21,2986,458454,2990,458703,496.0,91025.0,2023,11
2023-11-22,2949,452925,2969,460819,491.0,95685.0,2023,11
2023-11-23,3005,463417,2993,462959,515.0,95305.0,2023,11
2023-11-25,2975,467451,2980,469353,511.0,106210.0,2023,11
2023-11-27,2963,457360,2959,458577,514.0,101529.0,2023,11
2023-11-26,2974,463047,2979,465352,532.0,110244.0,2023,11
2023-11-28,2959,448684,2967,451490,500.0,93653.0,2023,11
2023-11-30,2943,443319,2907,434575,514.0,102166.0,2023,11
2023-12-01,2928,437203,2939,442283,521.0,102558.0,2023,12
2023-12-02,2942,438324,2922,438152,517.0,100460.0,2023,12
2023-12-03,2967,446461,2998,448340,519.0,105834.0,2023,12
2023-12-04,2651,396569,2670,407949,482.0,93822.0,2023,12
2023-12-06,2897,444297,2898,448479,513.0,98796.0,2023,12
2023-12-07,2982,453823,2985,454429,516.0,94072.0,2023,12
2023-12-08,2990,451311,2994,456607,534.0,95599.0,2023,12
2023-12-10,2995,458681,3000,459555,535.0,107829.0,2023,12
2023-12-11,2988,446320,2982,445242,510.0,95460.0,2023,12
2023-12-13,2977,449949,2980,452036,510.0,94849.0,2023,12
2023-12-14,2982,455011,2976,458981,502.0,98108.0,2023,12
2023-12-12,2983,445980,2980,453199,512.0,90961.0,2023,12
2023-12-15,2970,452679,2973,454333,523.0,100941.0,2023,12
2023-12-16,2974,456870,2973,456867,522.0,105964.0,2023,12
2023-12-18,2997,452216,2994,453995,526.0,104010.0,2023,12
2023-12-19,2988,452473,2996,456589,509.0,96704.0,2023,12
2023-12-20,2981,455349,2975,463508,506.0,104944.0,2023,12
2023-12-21,3021,456020,3022,462979,520.0,103981.0,2023,12
2023-12-22,3023,462831,3026,464116,520.0,108094.0,2023,12
2023-12-25,2926,444905,2934,443576,521.0,108826.0,2023,12
2023-12-23,3001,463177,3005,467701,520.0,110628.0,2023,12
2023-12-26,2915,445836,2897,441188,513.0,103066.0,2023,12
2023-12-28,2776,428775,2771,426059,521.0,107259.0,2023,12
2023-12-27,2844,432902,2817,430492,498.0,102712.0,2023,12
2023-12-29,2867,437054,2849,435332,529.0,108621.0,2023,12
2023-12-30,2920,441935,2932,440520,526.0,111206.0,2023,12
2023-12-31,2899,428622,2917,425222,381.0,79307.0,2023,12
2024-01-01,2920,410713,2905,413337,513.0,105545.0,2024,1
2024-01-02,2951,417265,2948,424399,498.0,100104.0,2024,1
2024-01-03,2873,425323,2879,426956,495.0,104892.0,2024,1
2024-01-04,2869,427026,2868,424434,508.0,104636.0,2024,1
2024-01-05,2879,426943,2877,428766,518.0,109270.0,2024,1
2024-01-06,2786,427787,2787,425272,514.0,118671.0,2024,1
2024-01-07,2904,448638,2901,448292,543.0,116479.0,2024,1
2024-01-08,2932,436131,2933,439399,504.0,110460.0,2024,1
2024-01-09,2936,430945,2927,432336,496.0,107737.0,2024,1
2024-01-10,2899,436307,2905,434620,498.0,110168.0,2024,1
2024-01-11,2936,438062,2933,436535,508.0,109025.0,2024,1
2024-01-12,2873,433113,2875,432842,511.0,109825.0,2024,1
2024-01-13,2883,435692,2870,434473,500.0,116594.0,2024,1
2024-01-14,2552,381259,2547,363583,502.0,114212.0,2024,1
2024-01-15,2598,390216,2599,392309,511.0,109194.0,2024,1
2024-01-16,2747,417695,2752,423028,507.0,104873.0,2024,1
2024-01-17,2805,425620,2805,424445,497.0,110590.0,2024,1
2024-01-18,2821,422759,2820,426782,508.0,111422.0,2024,1
2024-01-19,2729,414752,2715,417055,515.0,111971.0,2024,1
2024-01-20,2739,416359,2750,421869,515.0,115787.0,2024,1
2024-01-21,2729,419266,2739,423685,528.0,117856.0,2024,1
2024-01-22,2729,419266,2739,423685,499.0,111478.0,2024,1
2024-01-23,2726,408465,2738,410890,503.0,105628.0,2024,1
2024-01-24,2749,411353,2744,412609,501.0,108658.0,2024,1
2024-01-25,2796,422415,2790,423011,515.0,110527.0,2024,1
2024-01-26,2804,419387,2815,421415,521.0,110169.0,2024,1
2024-01-27,3012,432079,2905,426191,521.0,113958.0,2024,1
2024-01-28,2925,442669,2912,437135,530.0,112546.0,2024,1
2024-01-29,2928,442335,2948,440851,509.0,107174.0,2024,1
2024-01-30,2909,430056,2916,427978,506.0,100406.0,2024,1
2024-01-31,2854,418669,2859,423985,500.0,106503.0,2024,1
2024-02-01,2895,425993,2901,426803,511.0,105189.0,2024,2
2024-02-02,2892,426708,2883,433829,521.0,105912.0,2024,2
2024-02-03,2931,439775,2923,435160,677.0,111463.0,2024,2
2024-02-04,2912,437389,2917,433591,521.0,108826.0,2024,2
2024-02-05,2922,442048,2909,439780,495.0,106242.0,2024,2
2024-02-06,2956,433311,2961,442429,513.0,100048.0,2024,2
2024-02-07,2953,437694,2952,435132,500.0,101026.0,2024,2
2024-02-08,3001,442269,3010,444738,516.0,101243.0,2024,2
2024-02-09,2982,443315,2974,442771,515.0,100610.0,2024,2
2024-02-10,2924,447124,2928,448137,514.0,109069.0,2024,2
2024-02-11,2987,449514,2985,445959,525.0,109670.0,2024,2
2024-02-12,2994,440393,2993,439417,509.0,105108.0,2024,2
2024-02-13,3005,435185,3010,437611,508.0,99080.0,2024,2
2024-02-14,2968,432658,2977,443005,498.0,105108.0,2024,2
2024-02-15,2980,443076,2974,439696,519.0,105330.0,2024,2
2024-02-16,2967,444076,2969,445990,525.0,106744.0,2024,2
2024-02-17,2966,449409,2963,447259,518.0,114985.0,2024,2
2024-02-18,2981,452173,2977,446430,530.0,112394.0,2024,2
2024-02-19,2961,444308,2970,440205,503.0,108918.0,2024,2
2024-02-21,2934,436646,2939,439666,501.0,107129.0,2024,2
2024-02-22,2979,439815,2975,441028,513.0,106850.0,2024,2
2024-02-23,2973,442601,2974,443636,513.0,109717.0,2024,2
2024-02-24,2966,441896,2947,440241,520.0,114579.0,2024,2
2024-02-25,2938,444456,2961,442883,526.0,115019.0,2024,2
2024-02-26,3002,444477,3001,444666,511.0,114490.0,2024,2
2024-02-27,3008,431109,3003,432173,499.0,106495.0,2024,2
2024-02-28,2951,428714,2953,428496,503.0,110431.0,2024,2
2024-02-29,2996,436322,3003,440338,513.0,111477.0,2024,2
2024-03-01,2985,433184,2973,436747,512.0,109830.0,2024,3
2024-03-02,2978,430747,2969,431499,510.0,115656.0,2024,3
2024-03-03,2986,439495,3007,437497,524.0,118738.0,2024,3
2024-03-04,2998,438879,2995,432517,503.0,110670.0,2024,3
2024-03-05,3018,431349,3016,431459,507.0,104804.0,2024,3
2024-03-06,3027,434453,3010,433993,500.0,109609.0,2024,3
2024-03-07,3051,446167,3054,446522,517.0,108031.0,2024,3
2024-03-08,3025,439892,3032,443219,518.0,106472.0,2024,3
2024-03-09,3009,438166,3013,435275,515.0,109461.0,2024,3
2024-03-10,3027,452562,3030,448044,532.0,115947.0,2024,3
2024-03-11,3034,440540,3027,437733,515.0,105887.0,2024,3
2024-03-12,3026,429363,3024,425497,503.0,99813.0,2024,3
2024-03-13,2988,421736,2986,419734,505.0,99263.0,2024,3
2024-03-14,3025,431948,3018,432636,524.0,102254.0,2024,3
2024-03-15,2983,436561,2991,441742,517.0,101065.0,2024,3
2024-03-16,2998,447657,2990,447890,531.0,111410.0,2024,3
2024-03-17,3024,447076,3026,451278,529.0,108067.0,2024,3
2024-03-18,3027,440404,3038,444568,517.0,97893.0,2024,3
2024-03-19,3034,429604,3034,431271,507.0,93252.0,2024,3
2024-03-20,2976,433381,2971,430189,518.0,98070.0,2024,3
2024-03-21,3082,444203,3097,445328,530.0,100732.0,2024,3
2024-03-22,3060,453398,3062,454452,521.0,101503.0,2024,3
2024-03-24,3046,434298,3060,436951,540.0,107774.0,2024,3
2024-03-25,3021,394950,3030,401380,514.0,99486.0,2024,3
2024-03-26,3079,416574,3066,413577,512.0,95918.0,2024,3
2024-03-27,3033,424069,3018,421384,512.0,98586.0,2024,3
2024-03-28,3063,435307,3076,435333,519.0,102343.0,2024,3
2024-03-29,3041,434319,3038,432641,527.0,103104.0,2024,3
2024-03-30,3045,435836,3032,426821,528.0,108810.0,2024,3
2024-03-31,3035,448270,3027,438956,508.0,106191.0,2024,3
2024-04-01,3029,440502,3039,443124,505.0,100816.0,2024,4
2024-04-02,3043,425720,3045,422232,501.0,96845.0,2024,4
2024-04-03,2992,419459,3005,423542,509.0,97040.0,2024,4
2024-04-04,3042,430001,3029,431437,524.0,99802.0,2024,4
2024-04-05,3071,444619,3048,443406,508.0,100168.0,2024,4
2024-04-06,3015,447963,3020,447940,529.0,104862.0,2024,4
2024-04-07,3044,452936,3045,450215,518.0,103626.0,2024,4
2024-04-08,3048,430933,3055,437741,510.0,96884.0,2024,4
2024-04-09,3049,410178,3044,422421,513.0,96530.0,2024,4
2024-04-10,3018,427108,3025,420902,511.0,96192.0,2024,4
2024-04-11,3033,425007,3035,427648,529.0,101956.0,2024,4
2024-04-12,3029,428571,3034,425414,523.0,105327.0,2024,4
2024-04-13,3033,440362,3030,439692,507.0,113033.0,2024,4
2024-04-14,3035,461932,3028,455956,534.0,112053.0,2024,4
2024-04-15,3037,448994,3021,450318,495.0,107143.0,2024,4
2024-04-16,3010,435637,3007,437879,498.0,105120.0,2024,4
2024-04-17,2981,427486,2962,433499,425.0,93735.0,2024,4
2024-04-18,3043,435008,3054,440125,473.0,101554.0,2024,4
2024-04-19,3027,442147,3022,443998,478.0,103642.0,2024,4
2024-04-20,3061,456378,3058,454575,495.0,109878.0,2024,4
2024-04-21,3059,470751,3069,464972,501.0,114936.0,2024,4
2024-04-22,3094,459279,3098,460962,512.0,112092.0,2024,4
2024-04-24,3037,446551,3034,446192,519.0,113353.0,2024,4
2024-04-25,3060,450705,3054,452337,534.0,113011.0,2024,4
2024-04-26,3089,459104,3077,456244,533.0,112257.0,2024,4
2024-04-27,3095,461492,3092,462353,534.0,116613.0,2024,4
2024-04-28,3090,465617,3082,461924,532.0,116325.0,2024,4
2024-04-30,3058,444176,3072,451564,524.0,107142.0,2024,4
2024-05-01,3025,444904,3015,450103,511.0,110595.0,2024,5
2024-05-02,3062,435439,3072,437148,695.0,110906.0,2024,5
2024-05-03,3076,437707,3067,437938,532.0,106435.0,2024,5
2024-05-04,3086,447138,3092,454600,536.0,115314.0,2024,5
2024-05-05,3064,455955,3044,448257,537.0,114352.0,2024,5
2024-05-06,3055,442360,3052,443454,513.0,107307.0,2024,5
2024-05-07,3058,430904,3050,435028,515.0,103880.0,2024,5
2024-05-08,2997,442512,3010,444394,475.0,103984.0,2024,5
2024-05-09,2970,435852,2962,436818,478.0,104866.0,2024,5
2024-05-10,2929,441178,2925,440633,450.0,104197.0,2024,5
2024-05-11,3002,449937,2995,456428,515.0,112267.0,2024,5
2024-05-12,3024,464262,3006,460368,517.0,112983.0,2024,5
2024-05-13,3005,447819,3002,445270,508.0,108638.0,2024,5
2024-05-14,2998,445167,2994,449565,509.0,103296.0,2024,5
2024-05-15,2980,447405,2986,448342,507.0,106847.0,2024,5
2024-05-16,3052,453830,3061,457143,527.0,108513.0,2024,5
2024-05-17,3074,462291,3076,464604,535.0,107746.0,2024,5
2024-05-18,3014,460649,3018,464676,530.0,112850.0,2024,5
2024-05-19,3039,461950,3023,457153,544.0,113503.0,2024,5
2024-05-20,3047,453740,3035,449184,511.0,106474.0,2024,5
2024-05-22,2978,447750,2978,449406,523.0,107873.0,2024,5
2024-05-23,3042,463399,3036,463688,532.0,108242.0,2024,5
2024-05-24,3025,462168,3016,456335,540.0,106768.0,2024,5
2024-05-25,2999,462775,3013,459293,529.0,110468.0,2024,5
2024-05-26,2799,435152,2804,428271,530.0,108333.0,2024,5
2024-05-27,2891,438206,2889,435689,500.0,104534.0,2024,5
2024-05-28,2970,444247,2966,438038,518.0,101447.0,2024,5
2024-05-29,2965,439419,2972,438180,525.0,100116.0,2024,5
2024-05-30,2981,438796,2982,439868,534.0,103427.0,2024,5
2024-05-31,3028,451008,3015,450447,533.0,103688.0,2024,5
2024-06-01,3004,446128,2996,443578,523.0,106301.0,2024,6
2024-06-02,3025,447280,3036,447988,543.0,107989.0,2024,6
2024-06-04,2937,406240,2935,408178,526.0,90863.0,2024,6
2024-06-05,2996,428329,2998,432967,527.0,97834.0,2024,6
2024-06-06,3032,438980,3018,438881,555.0,98310.0,2024,6
2024-06-07,3035,453460,3040,456474,548.0,99500.0,2024,6
2024-06-08,3031,463241,3033,460420,549.0,107030.0,2024,6
2024-06-09,3042,462266,3021,431915,538.0,105442.0,2024,6
2024-06-10,3028,448538,3034,444897,535.0,99740.0,2024,6
2024-06-11,3032,440318,3033,440773,540.0,87558.0,2024,6
2024-06-12,3043,441209,3051,446920,534.0,90817.0,2024,6
2024-06-13,3083,447956,3077,450536,549.0,89273.0,2024,6
2024-06-14,3047,456872,3061,456653,539.0,81170.0,2024,6
2024-06-15,3068,463042,3061,465607,552.0,91993.0,2024,6
2024-06-16,3044,461912,3054,461253,557.0,88570.0,2024,6
2024-06-17,3053,456514,3051,451140,546.0,84091.0,2024,6
2024-06-18,3035,438416,3033,438147,545.0,86269.0,2024,6
2024-06-19,3026,436038,3019,434530,536.0,94247.0,2024,6
2024-06-20,3052,442318,3045,441617,562.0,96350.0,2024,6
2024-06-21,3064,448544,3058,446044,551.0,97803.0,2024,6
2024-06-22,3007,452397,3013,448776,563.0,108837.0,2024,6
2024-06-23,3085,461959,3089,457346,563.0,108128.0,2024,6
2024-06-24,3081,444675,3060,441846,551.0,98824.0,2024,6
2024-06-25,3049,432895,3056,437426,554.0,93513.0,2024,6
2024-06-26,3013,426919,3018,427768,542.0,91951.0,2024,6
2024-06-29,3019,444219,3000,448208,553.0,104215.0,2024,6
2024-07-01,3015,432300,3032,436406,549.0,93656.0,2024,7
2024-07-02,3016,416125,3026,418078,532.0,86639.0,2024,7
2024-07-03,2991,415786,2978,416550,528.0,90928.0,2024,7
2024-07-04,3000,421944,3021,427457,554.0,86788.0,2024,7
2024-07-05,3001,437592,2977,434065,546.0,87566.0,2024,7
2024-07-06,2983,435739,2994,438046,560.0,94633.0,2024,7
2024-07-07,2979,448373,2983,447482,552.0,99004.0,2024,7
2024-07-08,2936,433273,2939,437364,552.0,86499.0,2024,7
2024-07-09,2917,424909,2941,430346,556.0,82533.0,2024,7
2024-07-10,2960,441215,2948,439763,585.0,90081.0,2024,7
2024-07-11,2955,436358,2955,438261,570.0,88003.0,2024,7
2024-07-12,2963,450337,2942,444137,573.0,88056.0,2024,7
2024-07-13,2948,452412,2946,45022,581.0,97359.0,2024,7
2024-07-14,2947,452573,2937,448488,548.0,98879.0,2024,7
2024-07-15,3000,447025,2991,446286,588.0,97226.0,2024,7
2024-07-16,2975,433200,2995,437561,560.0,88796.0,2024,7
2024-07-17,2942,433844,2949,440444,588.0,92590.0,2024,7
2024-07-18,3054,423227,2951,424624,558.0,90966.0,2024,7
2024-07-19,2707,377877,2715,381868,543.0,90393.0,2024,7
2024-07-20,2790,415402,2791,410093,569.0,103760.0,2024,7
2024-07-21,2927,443210,2914,435136,587.0,106704.0,2024,7
2024-07-22,2941,424483,2969,427602,579.0,100883.0,2024,7
2024-07-23,2991,405371,2987,408995,577.0,97142.0,2024,7
2024-07-24,2947,398930,2941,401658,583.0,99823.0,2024,7
2024-07-25,2965,406792,2967,410022,568.0,101288.0,2024,7
2024-07-26,3001,420654,2997,423352,559.0,102959.0,2024,7
2024-07-27,2969,425066,2974,424137,581.0,109472.0,2024,7
2024-07-28,2983,429332,2988,422228,551.0,111471.0,2024,7
2024-07-30,2953,377973,2954,376625,549.0,98895.0,2024,7
2024-07-31,2913,383223,2902,384448,547.0,100542.0,2024,7
2024-08-01,2994,395892,2989,399714,573.0,104308.0,2024,8
2024-08-03,3028,406442,3020,404673,551.0,103517.0,2024,8
2024-08-04,2985,427837,2985,418139,585.0,107255.0,2024,8
2024-08-05,3055,414715,3075,422504,555.0,104697.0,2024,8
2024-08-06,2999,394821,3001,397554,559.0,101684.0,2024,8
2024-08-07,2974,412032,2972,406396,573.0,105916.0,2024,8
2024-08-08,3020,425853,3013,422410,551.0,106236.0,2024,8
2024-08-09,3025,439009,3014,438604,563.0,113086.0,2024,8
2024-08-10,2995,446294,3015,450657,584.0,114375.0,2024,8
2024-08-11,3029,451567,3021,448733,556.0,114010.0,2024,8
2024-08-12,3033,434675,3046,433927,533.0,109287.0,2024,8
2024-08-13,3014,427418,3005,429292,556.0,106865.0,2024,8
2024-08-14,3038,445907,3031,445631,546.0,112912.0,2024,8
2024-08-15,3052,445774,3065,450895,577.0,114458.0,2024,8
2024-08-16,9786,415832,9831,420027,584.0,108088.0,2024,8
2024-08-17,3062,440620,3069,437951,595.0,112874.0,2024,8
2024-08-18,3095,457287,3096,449054,553.0,109878.0,2024,8
2024-08-19,3103,444758,3098,441311,567.0,106052.0,2024,8
2024-08-29,3204,408269,3061,412344,580.0,110927.0,2024,8
2024-08-30,3026,411548,3029,414007,573.0,109572.0,2024,8
2024-08-31,3048,427780,3031,426675,572.0,115433.0,2024,8
2024-09-01,3068,450202,3077,445614,584.0,115723.0,2024,9
2024-09-02,3080,477554,3065,415737,569.0,107476.0,2024,9
2024-09-03,3080,396342,3061,396292,552.0,99170.0,2024,9
2024-09-04,3009,403587,2996,405604,564.0,105348.0,2024,9
2024-09-05,3053,409602,3043,410949,581.0,104810.0,2024,9
2024-09-06,3071,418921,3062,420519,580.0,107641.0,2024,9
2024-09-07,3077,391957,3098,407220,576.0,109785.0,2024,9
2024-09-08,3156,434440,3156,431493,567.0,110862.0,2024,9
2024-09-09,3091,417882,3077,418852,577.0,109892.0,2024,9
2024-09-10,3041,417363,3034,410913,569.0,106893.0,2024,9
2024-09-12,3104,441035,3094,439329,582.0,110437.0,2024,9
2024-09-11,3039,415376,3038,419801,564.0,108029.0,2024,9
2024-09-13,3085,460242,3086,461185,589.0,111515.0,2024,9
2024-09-14,3068,465633,3079,470554,566.0,112076.0,2024,9
2024-09-15,3084,464587,3071,465525,583.0,111552.0,2024,9
2024-09-16,3115,464149,3127,460897,564.0,109827.0,2024,9
2024-09-17,3054,439504,3061,439210,568.0,104620.0,2024,9
2024-09-18,3040,437737,3036,431108,557.0,106357.0,2024,9
2024-09-19,3058,433257,3055,438186,579.0,105193.0,2024,9
2024-09-20,3100,447466,3097,449061,580.0,109696.0,2024,9
2024-09-21,3092,454803,3086,452949,587.0,114791.0,2024,9
2024-09-22,3133,472943,3137,468412,573.0,111804.0,2024,9
2024-09-23,3117,453087,3119,452979,578.0,107851.0,2024,9
2024-09-24,3082,418317,3092,428144,571.0,102108.0,2024,9
2024-09-25,3062,436561,3048,436267,581.0,99526.0,2024,9
2024-09-26,3083,446207,3079,449363,581.0,105262.0,2024,9
2024-09-27,3120,464004,3133,464567,581.0,107207.0,2024,9
2024-09-28,3121,471355,3116,474413,582.0,111447.0,2024,9
2024-09-29,3159,479170,3160,477713,582.0,108421.0,2024,9
2024-09-30,3132,451313,3147,455065,577.0,99991.0,2024,9
2024-10-01,3095,413016,3090,416429,562.0,98865.0,2024,10
2024-10-02,3098,436304,3095,437690,576.0,104126.0,2024,10
2024-10-03,3169,419360,3177,421002,576.0,93210.0,2024,10
2024-10-04,3128,428391,3129,430867,569.0,102554.0,2024,10
2024-10-05,3096,447774,3092,442542,593.0,103268.0,2024,10
2024-10-06,3173,469374,3165,460654,581.0,105173.0,2024,10
2024-10-07,3174,449878,3175,452243,567.0,96975.0,2024,10
2024-10-08,3144,431736,3134,433968,554.0,87716.0,2024,10
2024-10-09,3161,444875,3156,442740,565.0,89834.0,2024,10
2024-10-10,3164,447525,3168,446221,581.0,93076.0,2024,10
2024-10-11,3185,438342,3181,448866,579.0,95811.0,2024,10
2024-10-12,3138,437297,3150,449652,576.0,100230.0,2024,10
2024-10-13,3188,477149,3168,476795,590.0,105574.0,2024,10
2024-10-14,3214,484263,3221,483278,572.0,99495.0,2024,10
2024-10-15,3172,477314,3165,479296,551.0,93096.0,2024,10
2024-10-16,3140,466407,3143,468783,560.0,93971.0,2024,10
2024-10-17,3050,451958,3042,448705,575.0,87239.0,2024,10
2024-10-18,3107,460343,3120,463673,569.0,91734.0,2024,10
2024-10-19,3175,475300,3173,476770,583.0,99561.0,2024,10
2024-10-20,3201,480873,3192,479508,597.0,105018.0,2024,10
2024-10-21,3204,472420,3205,471989,565.0,94172.0,2024,10
2024-10-22,3170,451700,3182,462037,548.0,85377.0,2024,10
2024-10-23,3188,460404,3173,457326,573.0,88304.0,2024,10
2024-10-24,3079,439037,3116,449916,569.0,91584.0,2024,10
2024-10-25,3081,444535,3087,446357,582.0,98096.0,2024,10
2024-10-26,3215,472672,3212,474391,575.0,108021.0,2024,10
2024-10-27,3204,454953,3195,457486,585.0,103138.0,2024,10
2024-10-28,3186,422787,3196,432326,549.0,92578.0,2024,10
2024-10-29,3172,409796,3172,413120,547.0,85386.0,2024,10
2024-10-30,3155,422969,3155,422722,568.0,94785.0,2024,10
2024-10-31,3132,362547,3153,376092,558.0,90644.0,2024,10
2024-11-01,3138,356601,2984,369667,577.0,97571.0,2024,11
2024-11-02,3128,435017,3106,416746,576.0,106852.0,2024,11
2024-11-03,3174,470350,3176,467294,576.0,114651.0,2024,11
2024-11-04,3183,478697,3177,477650,550.0,107971.0,2024,11
2024-11-05,3167,469809,3185,473811,577.0,104303.0,2024,11
2024-11-06,3148,477354,3148,476788,608.0,108438.0,2024,11
2024-11-07,3189,483004,3185,479932,584.0,100237.0,2024,11
2024-11-08,3176,490307,3177,485334,602.0,106663.0,2024,11
2024-11-09,3153,496445,3170,491607,608.0,113172.0,2024,11
2024-11-10,3137,498521,3139,494209,617.0,117504.0,2024,11
2024-11-11,3158,490159,3168,492827,580.0,108995.0,2024,11
2024-11-12,3173,487942,3177,482139,557.0,101982.0,2024,11
2024-11-13,3143,487718,3156,481058,598.0,104300.0,2024,11
2024-11-14,5191,497429,3190,501071,581.0,101671.0,2024,11
2024-11-15,3160,499462,3160,499573,584.0,105120.0,2024,11
2024-11-16,3181,498951,3200,501595,602.0,110291.0,2024,11
2024-11-17,3173,505412,3164,502198,605.0,113437.0,2024,11
2024-11-18,3145,487762,3150,489500,592.0,107656.0,2024,11
2024-11-19,3169,483660,3167,485806,577.0,97094.0,2024,11
2024-11-20,3124,488391,3131,491083,587.0,102593.0,2024,11
2024-11-21,3175,491175,3160,492037,604.0,106913.0,2024,11
2024-11-22,3183,494701,3176,493994,594.0,104008.0,2024,11
2024-11-23,3166,498448,3171,498244,614.0,112737.0,2024,11
2024-11-24,3162,505611,3165,500081,619.0,114968.0,2024,11
2024-11-25,3166,493290,3166,492490,573.0,104729.0,2024,11
2024-11-26,3155,483947,3157,484446,577.0,99348.0,2024,11
2024-11-27,3152,487265,3163,489538,592.0,103519.0,2024,11
2024-11-28,3189,492941,3188,493727,605.0,107462.0,2024,11
2024-11-29,3170,493409,3162,493140,603.0,110310.0,2024,11
2024-11-30,2938,466229,2950,470711,601.0,112754.0,2024,11
2024-12-01,3130,496181,3114,492156,613.0,115266.0,2024,12
2024-12-02,3183,469594,3187,468902,605.0,107977.0,2024,12
2024-12-03,3186,479392,3184,478362,587.0,100507.0,2024,12
2024-12-04,3188,484021,3207,489344,617.0,104256.0,2024,12
2024-12-05,3189,487893,3183,487834,613.0,103126.0,2024,12
2024-12-06,3197,494202,3194,495640,614.0,104350.0,2024,12
2024-12-07,3187,498739,3173,497080,622.0,111360.0,2024,12
2024-12-08,3178,498761,3179,502054,611.0,111609.0,2024,12
2024-12-09,3167,489547,3191,496855,609.0,105367.0,2024,12
2024-12-10,3176,489682,3153,786387,858.0,102137.0,2024,12
2024-12-11,3167,494221,3174,494824,622.0,102125.0,2024,12
2024-12-12,3197,498381,3201,499322,607.0,100212.0,2024,12
2024-12-13,3175,498379,3179,498123,622.0,104904.0,2024,12
2024-12-14,3167,503733,3164,491436,627.0,114532.0,2024,12
2024-12-15,3172,506983,3180,503031,629.0,114415.0,2024,12
2024-12-16,3197,497578,3201,506006,610.0,106230.0,2024,12
2024-12-17,3159,492593,3143,490008,606.0,102355.0,2024,12
2024-12-18,3143,492870,3169,499770,633.0,111396.0,2024,12
2024-12-19,3165,497589,3153,497877,621.0,111826.0,2024,12
2024-12-20,3181,504733,3192,505032,618.0,118610.0,2024,12
2024-12-21,3165,503541,3141,499449,638.0,119105.0,2024,12
2024-12-22,3176,505974,3189,509421,642.0,121467.0,2024,12
2024-12-23,3170,496947,3171,495916,623.0,119481.0,2024,12
2024-12-24,3171,493308,3171,493315,610.0,112368.0,2024,12
2024-12-25,3166,488859,3160,489107,640.0,118657.0,2024,12
2024-12-26,3203,486678,3193,485593,626.0,116561.0,2024,12
2024-12-27,3151,485340,3145,484101,625.0,116320.0,2024,12
2024-12-28,3090,480709,3095,478075,633.0,122257.0,2024,12
2024-12-29,3179,495923,3183,490240,643.0,120329.0,2024,12
2024-12-30,3208,490106,3194,477819,634.0,122588.0,2024,12
2025-01-01,3166,444639,3170,458709,633.0,112195.0,2025,1
2025-01-02,3192,466287,3182,467381,637.0,112612.0,2025,1
2025-01-03,3137,472825,3133,463992,613.0,118551.0,2025,1
2025-01-04,3049,473259,3062,465739,643.0,125195.0,2025,1
2025-01-05,3124,490645,3114,488239,659.0,128904.0,2025,1
2025-01-06,3152,486513,3148,489033,609.0,118708.0,2025,1
2025-01-07,3183,490974,3184,489508,621.0,120737.0,2025,1
2025-01-28,3206,482642,3199,482756,613.0,109471.0,2025,1
2025-01-29,3182,478522,3177,477659,586.0,111883.0,2025,1
2025-01-30,3203,487992,3206,486012,601.0,115882.0,2025,1
2025-01-31,3197,498996,3201,498462,591.0,119598.0,2025,1
2025-02-01,3196,495341,3176,493507,628.0,121658.0,2025,2
2025-02-02,3249,509008,3231,505937,642.0,129288.0,2025,2
2025-02-03,3243,495575,3255,499011,569.0,113791.0,2025,2
2025-02-04,3227,496837,3208,493164,598.0,114547.0,2025,2
2025-02-05,3060,489009,3058,490223,582.0,118064.0,2025,2
2025-02-06,3162,496813,3161,498162,577.0,115530.0,2025,2
2025-02-07,3151,500810,3158,501698,590.0,119421.0,2025,2
2025-02-09,3194,514435,3188,513037,642.0,128029.0,2025,2
2025-02-10,3161,502068,3165,502180,605.0,118408.0,2025,2
2025-02-11,3235,502634,3238,503739,595.0,115296.0,2025,2
2025-02-12,3219,504124,3214,504927,608.0,116054.0,2025,2
2025-02-13,3173,497792,3178,500936,611.0,118974.0,2025,2
2025-02-14,3171,500043,3171,499299,615.0,121932.0,2025,2
2025-02-15,3341,526287,3352,527427,629.0,126476.0,2025,2
2025-02-16,3339,530117,3321,527932,641.0,128220.0,2025,2
2025-02-17,3344,527011,3345,526609,615.0,122505.0,2025,2
2025-02-18,3328,521915,3319,520632,579.0,115815.0,2025,2
2025-02-19,3312,525126,3312,527124,621.0,122431.0,2025,2
2025-02-20,3342,529190,3326,526261,612.0,121109.0,2025,2
2025-02-21,3335,529372,3350,531767,622.0,124685.0,2025,2
2025-02-22,3307,524133,3315,527378,638.0,129836.0,2025,2
2025-02-23,3352,535343,3347,534404,632.0,127669.0,2025,2
2025-02-24,3361,523447,3365,523808,603.0,120641.0,2025,2
2025-02-25,3345,514916,3345,518906,582.0,115438.0,2025,2
2025-02-26,3322,509114,3321,510858,617.0,122334.0,2025,2
2025-02-27,3326,497453,3326,495799,614.0,120365.0,2025,2
2025-03-03,3306,489630,3298,485186,612.0,126150.0,2025,3
2025-03-04,3287,471602,3283,472670,582.0,110868.0,2025,3
2025-03-05,3285,477886,3290,483332,611.0,115272.0,2025,3
2025-03-06,3325,487294,3319,485882,608.0,112570.0,2025,3
2025-03-07,3305,495490,3304,496186,604.0,113808.0,2025,3
2025-03-08,3284,499753,3283,499253,635.0,119737.0,2025,3
2025-03-09,3379,497715,3284,497002,635.0,120136.0,2025,3
2025-03-10,3318,480895,3311,485435,600.0,110224.0,2025,3
2025-03-11,3298,462384,3284,463605,574.0,102902.0,2025,3
2025-03-12,3290,473591,3298,477732,600.0,108450.0,2025,3
2025-03-13,3385,476889,3354,480773,613.0,109227.0,2025,3
2025-03-14,3240,412837,3256,426457,612.0,109778.0,2025,3
2025-03-15,3289,444922,3280,430948,630.0,114876.0,2025,3
2025-03-16,3269,485393,3270,479070,632.0,117853.0,2025,3
2025-03-17,3318,493562,3308,492292,606.0,109475.0,2025,3
2025-03-18,3282,478683,3278,481715,584.0,102058.0,2025,3
2025-03-19,3284,483134,3285,486898,619.0,109918.0,2025,3
2025-03-20,3330,487062,3313,487606,603.0,107254.0,2025,3
2025-03-21,3288,492617,3288,491226,598.0,107773.0,2025,3
2025-03-22,3246,488604,3255,492026,618.0,113907.0,2025,3
2025-03-23,3312,501806,3324,499348,640.0,117707.0,2025,3
2025-03-24,3314,486236,3310,486571,609.0,110209.0,2025,3
2025-03-25,3293,469563,3280,471688,582.0,102673.0,2025,3
2025-03-26,3270,475852,3283,482673,623.0,111440.0,2025,3
2025-03-27,3314,482989,3308,484125,609.0,107189.0,2025,3
2025-03-28,3292,489956,3284,482939,615.0,110466.0,2025,3
2025-03-30,3211,462266,3208,502206,628.0,105842.0,2025,3
2025-03-31,3264,457519,3271,457097,615.0,104599.0,2025,3
2025-04-01,3262,426758,3257,431090,603.0,102283.0,2025,4
2025-04-02,3239,432539,3249,433426,623.0,111905.0,2025,4
2025-04-03,3248,439858,3236,436927,622.0,113535.0,2025,4
2025-04-07,3275,478043,3281,481270,625.0,123569.0,2025,4
2025-04-08,3250,470230,3240,472422,600.0,117760.0,2025,4
2025-04-09,3247,490350,3245,491941,609.0,120203.0,2025,4
2025-04-10,3267,503469,3247,499753,635.0,126471.0,2025,4
2025-04-11,3201,495196,3202,491456,614.0,126611.0,2025,4
2025-04-12,3216,503969,3218,503685,644.0,128901.0,2025,4
2025-04-13,3265,510325,3270,508974,639.0,127752.0,2025,4
2025-04-14,3293,505146,3282,502347,626.0,122184.0,2025,4
2025-04-15,3285,503362,3267,498658,602.0,115907.0,2025,4
2025-04-16,3245,492462,3236,494777,611.0,115571.0,2025,4
2025-04-17,3309,506896,3302,504068,629.0,121838.0,2025,4
2025-04-18,3261,500759,3285,505771,622.0,116494.0,2025,4
2025-04-19,3266,497232,3262,492496,634.0,121454.0,2025,4
2025-04-20,3226,503800,3214,499438,638.0,119572.0,2025,4
2025-04-21,3298,512470,3309,513188,632.0,117282.0,2025,4
2025-04-22,3311,501235,3306,505250,599.0,111002.0,2025,4
2025-04-23,3279,497707,3291,498472,614.0,113811.0,2025,4
2025-04-24,3312,496527,3290,493876,621.0,115025.0,2025,4
2025-04-25,3297,499977,3307,499109,622.0,116419.0,2025,4
2025-04-26,3295,504638,3277,504593,701.0,120396.0,2025,4
2025-04-27,3286,501099,3281,500727,631.0,126099.0,2025,4
2025-04-28,3287,483777,3296,486382,617.0,113327.0,2025,4
2025-04-29,3307,488274,3302,482683,587.0,108610.0,2025,4
2025-04-30,3267,484345,3251,482380,613.0,119061.0,2025,4
2025-05-01,3264,483956,3256,483908,621.0,120674.0,2025,5
2025-05-02,3203,460294,3202,462499,628.0,120896.0,2025,5
2025-05-03,3231,473838,3245,476976,635.0,122847.0,2025,5
2025-05-04,3282,494024,3281,488823,628.0,122093.0,2025,5
2025-05-05,3285,485659,3276,483450,625.0,119512.0,2025,5
2025-05-06,3276,480369,3267,482011,599.0,114863.0,2025,5
2025-05-07,2960,445252,2961,445217,594.0,113267.0,2025,5
2025-05-08,2907,438960,2924,438431,604.0,114620.0,2025,5
2025-05-09,2856,430203,2852,430238,601.0,117113.0,2025,5
2025-05-10,2963,430886,2978,436793,623.0,119626.0,2025,5
2025-05-11,3003,429607,2998,433649,623.0,118184.0,2025,5
2025-05-12,3010,416520,2996,417238,606.0,115024.0,2025,5
2025-05-13,3007,394916,3011,398542,588.0,115560.0,2025,5
2025-05-14,3061,411355,3062,412971,613.0,114287.0,2025,5
2025-05-15,3191,439108,3170,434390,619.0,114504.0,2025,5
2025-05-16,3216,459346,3231,458360,616.0,114067.0,2025,5
2025-05-17,3292,469413,3295,476831,625.0,116263.0,2025,5
2025-05-18,3288,485418,3289,485911,630.0,119855.0,2025,5
2025-05-19,3251,462295,3253,463884,611.0,110181.0,2025,5
2025-05-20,3268,461018,3258,456097,607.0,109070.0,2025,5
2025-05-21,3179,459496,3166,457705,611.0,107729.0,2025,5
2025-05-22,3232,476869,3228,478601,623.0,107566.0,2025,5
2025-05-23,3209,482885,3217,482141,621.0,109007.0,2025,5
2025-05-24,3251,496295,3259,496102,633.0,113377.0,2025,5
2025-05-25,3178,492291,3176,490490,620.0,111830.0,2025,5
2025-05-26,3325,493698,3313,490737,640.0,110414.0,2025,5
2025-05-27,3223,469459,3223,472859,606.0,96835.0,2025,5
2025-05-28,3250,481347,3252,478233,619.0,98452.0,2025,5
2025-05-29,3256,480596,3251,479156,627.0,99561.0,2025,5
2025-05-30,3193,482984,3195,481753,620.0,99709.0,2025,5
2025-05-31,3243,495384,3261,500273,660.0,111407.0,2025,5
2025-06-01,3241,500702,3206,493634,640.0,107172.0,2025,6
2025-06-02,3653,491148,3776,495703,626.0,97155.0,2025,6
2025-06-03,3252,483674,3247,485347,589.0,93315.0,2025,6
2025-06-04,3240,490590,3244,494443,620.0,91666.0,2025,6
2025-06-05,3292,501320,3287,500726,620.0,90298.0,2025,6
2025-06-06,3282,508004,3291,508917,615.0,88154.0,2025,6
2025-06-07,3277,495447,3273,496649,639.0,101031.0,2025,6
2025-06-08,3278,499991,3265,494405,625.0,106900.0,2025,6
2025-06-09,3274,490989,3282,492818,620.0,108318.0,2025,6
2025-06-10,3267,481294,3251,478756,587.0,104172.0,2025,6
2025-06-11,3260,476285,3270,478045,611.0,106013.0,2025,6
2025-06-12,3231,485052,3219,479648,607.0,104320.0,2025,6
2025-06-13,3254,491145,3250,488414,608.0,104025.0,2025,6
2025-06-14,3720,492951,3667,486058,620.0,112335.0,2025,6
2025-06-15,3161,477039,3149,474289,622.0,114408.0,2025,6
2025-06-16,3148,460317,3148,463222,590.0,106019.0,2025,6
2025-06-17,3116,437315,3111,437841,574.0,95645.0,2025,6
2025-06-18,3117,435754,3132,440123,586.0,99646.0,2025,6
2025-06-19,3093,432161,3084,432330,588.0,94961.0,2025,6
2025-06-20,3072,437734,3082,438315,615.0,103320.0,2025,6
2025-06-21,3164,437606,3163,439283,615.0,107301.0,2025,6
2025-06-22,3098,447644,3091,445888,618.0,106898.0,2025,6
2025-06-23,3086,427307,3076,428117,562.0,93295.0,2025,6
2025-06-24,3062,411913,3071,412131,472.0,72572.0,2025,6
2025-06-25,3045,417553,3051,423469,576.0,92498.0,2025,6
2025-06-26,3070,430303,3070,433415,599.0,93983.0,2025,6
2025-06-27,3051,435978,3051,434599,618.0,95856.0,2025,6
2025-06-28,3050,434009,3040,432606,612.0,99814.0,2025,6
2025-06-29,3046,437583,3040,433007,622.0,113187.0,2025,6
2025-06-30,3039,425023,3033,412565,615.0,105082.0,2025,6
2025-07-01,2879,397236,2899,403381,583.0,89336.0,2025,7
2025-07-02,2863,397871,2872,399115,614.0,93321.0,2025,7
2025-07-03,2885,402791,2878,404014,598.0,89927.0,2025,7
2025-07-04,2840,408706,2844,413673,594.0,90614.0,2025,7
2025-07-05,2891,422682,2878,420243,614.0,95763.0,2025,7
2025-07-06,2882,435554,2878,426968,631.0,104970.0,2025,7
2025-07-07,2901,425524,2903,425347,613.0,98105.0,2025,7
2025-07-08,2849,408772,2850,409443,572.0,84791.0,2025,7
2025-07-09,2836,411447,2843,417770,608.0,92936.0,2025,7
2025-07-10,2847,421992,2841,421012,609.0,97409.0,2025,7
2025-07-11,2863,428223,2871,430616,610.0,100831.0,2025,7
2025-07-12,2880,433594,2869,431222,614.0,105422.0,2025,7
2025-07-13,2900,439885,2898,436495,618.0,106974.0,2025,7
2025-07-14,2891,422616,2888,422957,620.0,106115.0,2025,7
2025-07-15,2890,413405,2894,414391,590.0,98616.0,2025,7
2025-07-16,2876,412251,2874,415229,609.0,101514.0,2025,7
2025-07-17,2907,414887,2911,415183,603.0,99179.0,2025,7
2025-07-18,2902,418005,2879,416094,613.0,102854.0,2025,7
2025-07-19,2854,418738,2870,421387,620.0,106329.0,2025,7
2025-07-20,2909,434168,2891,428472,624.0,112597.0,2025,7
2025-07-21,2872,410440,2876,411894,606.0,104501.0,2025,7
2025-07-22,2895,395813,2886,400730,621.0,93196.0,2025,7
2025-07-23,2855,402361,2864,404575,607.0,100191.0,2025,7
2025-07-24,2908,407082,2897,406148,598.0,98945.0,2025,7
2025-07-25,2877,420287,2871,418350,624.0,106120.0,2025,7
2025-07-26,2894,423869,2894,420555,621.0,109031.0,2025,7
2025-07-27,2926,425664,2928,423323,624.0,111051.0,2025,7
2025-07-28,2901,403350,2904,405720,613.0,107820.0,2025,7
2025-07-29,2886,387112,2880,385545,585.0,101088.0,2025,7
2025-07-30,2860,395139,2868,394363,605.0,107644.0,2025,7
2025-07-31,2873,409498,2872,413005,599.0,107554.0,2025,7
2025-08-01,2862,412867,2867,416861,617.0,109960.0,2025,8
2025-08-02,2856,417920,2850,416180,617.0,108772.0,2025,8
2025-08-03,2877,435847,2863,433685,624.0,112829.0,2025,8
2025-08-04,2856,424568,2856,425318,612.0,109214.0,2025,8
2025-08-05,2867,418105,2863,417252,574.0,99430.0,2025,8
2025-08-06,2860,424803,2869,424762,609.0,107790.0,2025,8
2025-08-07,2902,434060,2878,431236,599.0,108317.0,2025,8
2025-08-08,2881,442070,2892,443035,626.0,114025.0,2025,8
2025-08-09,2880,427761,2886,430598,624.0,118739.0,2025,8
2025-08-10,2910,443102,2903,437802,628.0,123056.0,2025,8
2025-08-11,2891,433308,2879,433597,622.0,121032.0,2025,8
2025-08-12,2870,425497,2869,426437,579.0,113344.0,2025,8
2025-08-13,2872,419111,2865,420412,615.0,119519.0,2025,8
2025-08-14,2889,436818,2881,435924,601.0,118914.0,2025,8
2025-08-15,2935,443051,2946,449609,628.0,124412.0,2025,8
2025-08-16,2898,424504,2898,417927,624.0,122111.0,2025,8
2025-08-17,2928,451572,2913,447487,623.0,122299.0,2025,8
2025-08-18,2927,453325,2924,453586,624.0,119821.0,2025,8
2025-08-19,2863,436919,2863,436283,571.0,108335.0,2025,8
2025-08-20,2844,435903,2857,438251,602.0,114896.0,2025,8
2025-08-21,2889,437294,2879,432059,622.0,119650.0,2025,8
2025-08-22,2876,433462,2879,435506,631.0,120678.0,2025,8
2025-08-23,2881,434977,2867,434943,627.0,115937.0,2025,8
2025-08-24,2885,440939,2893,439864,628.0,129601.0,2025,8
2025-08-25,2851,415001,2855,414705,619.0,114361.0,2025,8
2025-08-26,2806,379326,2807,384463,590.0,107428.0,2025,8
2025-08-27,2808,370669,2802,378212,606.0,110752.0,2025,8
2025-08-28,2869,380138,2851,376637,598.0,112600.0,2025,8
2025-08-29,2850,393688,2854,392880,614.0,117103.0,2025,8
2025-08-30,2867,412304,2868,410042,625.0,120643.0,2025,8
2025-08-31,2913,434509,2901,430914,631.0,122368.0,2025,8
2025-09-01,2909,418118,2898,416879,615.0,118538.0,2025,9
2025-09-02,2926,405650,2931,404877,583.0,111980.0,2025,9
2025-09-03,2874,407680,2868,410277,616.0,118917.0,2025,9
2025-09-04,2929,428387,2919,428227,608.0,116928.0,2025,9
2025-09-05,2918,434058,2925,433046,622.0,122274.0,2025,9
2025-09-06,2920,416477,2925,412839,623.0,122419.0,2025,9
2025-09-07,2940,434662,2944,431775,636.0,126126.0,2025,9
2025-09-08,2937,423836,2943,428408,620.0,121597.0,2025,9
2025-09-09,2935,409267,2933,407762,583.0,111707.0,2025,9
2025-09-10,2903,420826,2895,419859,595.0,114974.0,2025,9
2025-09-11,2901,419455,2911,421897,618.0,115273.0,2025,9
2025-09-12,2900,433073,2919,435473,612.0,119830.0,2025,9
2025-09-13,2919,433607,2911,431840,633.0,123322.0,2025,9
2025-09-14,2932,440421,2928,435653,630.0,123781.0,2025,9
2025-09-15,2909,424341,2901,421715,627.0,119169.0,2025,9
2025-09-16,2996,421143,2996,424620,583.0,109569.0,2025,9
2025-09-17,2966,419132,2983,424460,602.0,112082.0,2025,9
2025-09-18,3001,425053,2982,420611,605.0,110768.0,2025,9
2025-09-19,2979,431103,2989,427744,612.0,113950.0,2025,9
2025-09-20,2988,433891,2974,429435,631.0,117790.0,2025,9
2025-09-21,3114,448756,3111,445353,626.0,117879.0,2025,9
2025-09-22,3148,421764,3154,423638,619.0,111568.0,2025,9
2025-09-23,3030,401540,3073,399500,576.0,102264.0,2025,9
2025-09-25,3134,444021,3132,446273,612.0,111546.0,2025,9
2025-09-26,3144,459358,3133,456700,608.0,115057.0,2025,9
2025-09-27,3139,470156,3138,468320,623.0,121905.0,2025,9
2025-09-28,3151,464917,3147,459897,618.0,119400.0,2025,9
2025-09-29,3142,430304,3137,431596,617.0,113193.0,2025,9
2025-09-30,3160,424621,3157,425968,583.0,104084.0,2025,9
2025-10-01,3192,411272,3193,418111,613.0,110003.0,2025,10
2025-10-02,3184,410554,3193,419031,620.0,108616.0,2025,10
2025-10-03,3184,419426,3178,418084,617.0,106101.0,2025,10
2025-10-04,3220,449953,3228,450309,626.0,108360.0,2025,10
2025-10-05,3221,491141,3220,485379,628.0,111934.0,2025,10
2025-10-06,3200,483426,3198,485572,614.0,103909.0,2025,10
2025-10-07,3160,465199,3161,470154,601.0,93666.0,2025,10
2025-10-08,3186,463406,3194,468547,606.0,94586.0,2025,10
2025-10-09,3198,457111,3203,461965,619.0,94924.0,2025,10
2025-10-10,3191,452048,3190,454391,612.0,98013.0,2025,10
2025-10-11,3215,460638,3209,459963,633.0,108527.0,2025,10
2025-10-12,3218,481137,3223,476591,624.0,110510.0,2025,10
2025-10-13,3231,460199,3234,462731,624.0,102259.0,2025,10
2025-10-14,3238,454349,3226,454469,583.0,90021.0,2025,10
2025-10-15,3202,456858,3199,457354,611.0,98016.0,2025,10
2025-10-16,3267,465490,3258,470113,622.0,103307.0,2025,10
2025-10-17,3285,481745,3283,480172,612.0,108890.0,2025,10
2025-10-18,3313,485837,3304,488724,630.0,117414.0,2025,10
2025-10-19,3274,443267,3295,455235,629.0,112999.0,2025,10
2025-10-20,3142,364835,3177,377670,625.0,100304.0,2025,10
2025-10-21,3160,391363,3148,380302,581.0,96917.0,2025,10
2025-10-22,3223,436535,3197,423515,607.0,107511.0,2025,10
2025-10-23,3273,456494,3270,452414,628.0,113838.0,2025,10
2025-10-24,3240,471455,3232,465193,625.0,115075.0,2025,10
2025-10-25,3222,493491,3219,487880,620.0,116893.0,2025,10
2025-10-26,3284,520639,3281,520499,636.0,122059.0,2025,10
2025-10-27,3246,501603,3239,500676,637.0,118438.0,2025,10
2025-10-28,3139,481767,3126,476410,597.0,105215.0,2025,10
2025-10-29,3212,481773,3212,484099,627.0,112513.0,2025,10
2025-10-30,3242,486157,3240,486537,618.0,117185.0,2025,10
2025-10-31,3254,496433,3261,496587,630.0,114288.0,2025,10
2025-11-01,3220,500228,3244,502693,641.0,121275.0,2025,11
2025-11-02,3227,506819,3230,505743,647.0,123811.0,2025,11
2025-11-03,3250,493076,3244,489904,643.0,118510.0,2025,11
2025-11-04,3222,487891,3199,484595,591.0,107669.0,2025,11
2025-11-05,3213,494194,3241,499708,636.0,114919.0,2025,11
2025-11-06,3229,494526,3232,495897,615.0,109329.0,2025,11
2025-11-07,3165,493571,3180,491001,624.0,112540.0,2025,11
2025-11-08,3275,523196,3281,521854,647.0,120660.0,2025,11
2025-11-09,3333,531009,3328,529277,650.0,123018.0,2025,11
2025-11-10,3515,514618,3475,516987,624.0,115516.0,2025,11
2025-11-11,3329,496149,3329,500855,586.0,103808.0,2025,11
2025-11-12,3322,495543,3321,496980,634.0,110673.0,2025,11
2025-11-13,3372,505133,3362,505294,624.0,105402.0,2025,11
2025-11-14,3352,519538,3358,519073,625.0,112294.0,2025,11
2025-11-15,3358,526706,3362,527857,636.0,118990.0,2025,11
2025-11-16,3362,526471,3383,531613,654.0,123688.0,2025,11
2025-11-17,3372,521839,3362,520014,637.0,116271.0,2025,11
2025-11-18,3361,506761,3361,509880,595.0,99181.0,2025,11
2025-11-19,3356,520707,3350,517280,621.0,103534.0,2025,11
2025-11-20,3266,508453,3272,507314,635.0,106753.0,2025,11
2025-11-21,3214,511509,3200,507673,635.0,109303.0,2025,11
2025-11-22,3353,530244,3365,533558,637.0,113697.0,2025,11
2025-11-23,3356,538429,3360,537324,658.0,118642.0,2025,11
2025-11-24,3376,531136,3357,528762,628.0,108903.0,2025,11
2025-11-25,3325,522480,3333,526208,597.0,103438.0,2025,11
2025-11-26,3270,519205,3285,523572,629.0,108331.0,2025,11
2025-11-27,3301,533157,3288,527799,638.0,113656.0,2025,11
2025-11-28,3294,533152,3288,532119,628.0,114130.0,2025,11
2025-11-29,3271,529060,3312,525273,632.0,118544.0,2025,11
2025-11-30,3331,535786,3332,535788,656.0,125393.0,2025,11
2025-12-01,3306,519151,3321,520228,646.0,119574.0,2025,12
2025-12-02,3189,497333,3172,496077,619.0,109700.0,2025,12
2025-12-03,3007,474465,3006,475944,651.0,110814.0,2025,12
2025-12-07,2705,382225,2716,384881,676.0,123263.0,2025,12
2025-12-08,2822,415928,2825,415220,660.0,117015.0,2025,12
2025-12-09,2840,415535,2838,415052,605.0,103443.0,2025,12
2025-12-10,2942,435430,2946,440511,657.0,112984.0,2025,12
2025-12-11,2967,440312,2972,442228,646.0,108622.0,2025,12
2025-12-12,3043,464078,3031,459870,651.0,111951.0,2025,12
2025-12-13,3032,468343,3038,466048,687.0,124380.0,2025,12
2025-12-14,3129,489924,3121,488875,667.0,123812.0,2025,12
2025-12-15,2892,439706,2841,434828,626.0,112403.0,2025,12
2025-12-16,3144,492244,3144,497701,643.0,113286.0,2025,12
2025-12-17,3182,498455,3167,488186,653.0,116435.0,2025,12
2025-12-18,3151,496857,3146,497374,640.0,114683.0,2025,12
2025-12-19,3020,489876,3015,491089,639.0,112696.0,2025,12
2025-12-20,3037,501321,3033,499911,663.0,124169.0,2025,12
2025-12-21,3094,511736,3089,512797,663.0,125311.0,2025,12
2025-12-22,3226,517056,3225,521920,658.0,121316.0,2025,12
2025-12-23,3191,507889,3187,510955,619.0,115790.0,2025,12
2025-12-24,3251,518512,3200,520502,661.0,126042.0,2025,12
2025-12-25,3132,502129,3146,509390,654.0,126268.0,2025,12
2025-12-26,3199,511885,3207,512479,660.0,124315.0,2025,12
2025-12-27,3154,504296,3159,501663,683.0,130781.0,2025,12
2025-12-28,3191,514523,3194,512299,674.0,129193.0,2025,12
2025-12-29,3025,481471,3014,476811,641.0,121727.0,2025,12
2025-12-30,3099,482430,3079,483970,639.0,122617.0,2025,12
2025-12-31,3031,463750,3042,464111,662.0,124522.0,2025,12
2026-01-01,3173,463178,3166,465942,1786.0,119166.0,2026,1
2026-01-02,3129,474204,3108,472370,655.0,120443.0,2026,1
2026-01-03,3184,497990,3205,501928,668.0,137835.0,2026,1
2026-01-04,3195,498221,3184,498957,663.0,129501.0,2026,1
2026-01-05,3202,504162,3199,509963,660.0,127821.0,2026,1
2026-01-06,3133,487065,3125,488967,626.0,121689.0,2026,1
2026-01-07,3145,492485,3140,495582,656.0,126990.0,2026,1
2026-01-08,3147,494842,3147,497162,659.0,128197.0,2026,1
2026-01-09,3209,511843,3216,511227,662.0,129798.0,2026,1
2026-01-10,3218,522131,3240,523085,666.0,133086.0,2026,1
2026-01-11,3199,516119,3189,515903,658.0,131159.0,2026,1
2026-01-12,3188,490972,3195,504169,659.0,128824.0,2026,1
2026-01-13,3201,478393,3196,485174,631.0,123330.0,2026,1
2026-01-14,3163,468738,3172,467306,659.0,130231.0,2026,1
2026-01-15,3172,470005,3155,468147,650.0,125202.0,2026,1
2026-01-16,3204,478113,3225,478648,652.0,129138.0,2026,1
2026-01-17,3183,497539,3177,497564,655.0,131536.0,2026,1
2026-01-18,3197,516420,3190,511975,666.0,133681.0,2026,1
2026-01-19,3185,509330,3180,510113,673.0,131228.0,2026,1
2026-01-20,3186,509242,3182,509534,633.0,124688.0,2026,1
2026-01-21,3074,500072,3084,499411,668.0,131931.0,2026,1
2026-01-22,3081,510690,3079,499265,647.0,128067.0,2026,1
2026-01-23,2992,492228,2988,490511,661.0,131191.0,2026,1
2026-01-24,3081,511212,3104,515356,666.0,133287.0,2026,1
2026-01-25,3081,500239,3090,503419,656.0,130056.0,2026,1
2026-01-26,3087,498590,3107,499565,659.0,127019.0,2026,1
2026-01-27,3197,514820,3142,503072,618.0,116485.0,2026,1
2026-01-28,3238,510555,3262,515162,658.0,125095.0,2026,1
2026-01-29,3209,491683,3206,492386,645.0,127461.0,2026,1
2026-01-30,3248,498975,3276,501425,658.0,124956.0,2026,1
2026-01-31,3241,507259,3223,502326,658.0,128442.0,2026,1
2026-02-01,3189,504372,3199,505698,660.0,127924.0,2026,2
2026-02-02,3216,494270,3215,494761,654.0,123215.0,2026,2
2026-02-03,3215,483777,3224,487826,622.0,112347.0,2026,2
2026-02-04,3175,493143,3176,491089,646.0,119159.0,2026,2
2026-02-05,3217,509032,3201,505002,632.0,116841.0,2026,2
2026-02-06,3372,511749,3512,515598,705.0,123367.0,2026,2
2026-02-07,3219,523078,3227,520260,653.0,125894.0,2026,2
2026-02-08,3221,531979,3211,528945,669.0,130329.0,2026,2
2026-02-09,3237,525627,3226,523222,656.0,125794.0,2026,2
2026-02-10,3191,512784,3202,515057,626.0,119356.0,2026,2
2026-02-11,3212,521957,3222,522788,646.0,122384.0,2026,2
2026-02-12,3208,515014,3198,514456,647.0,122966.0,2026,2
2026-02-13,3213,521374,3215,521899,662.0,126139.0,2026,2
2026-02-14,3201,516145,3220,519927,648.0,125361.0,2026,2
2026-02-15,3185,514038,3200,513922,660.0,125314.0,2026,2
2026-02-16,3209,513860,3191,507661,663.0,124150.0,2026,2
2026-02-17,3191,507431,3160,500288,611.0,114152.0,2026,2
2026-02-18,3190,504465,3194,507636,637.0,119436.0,2026,2
2026-02-19,3199,504790,3203,503573,641.0,119852.0,2026,2
2026-02-20,3200,507352,3213,506289,661.0,124275.0,2026,2
2026-02-21,3207,510615,3206,508238,631.0,122239.0,2026,2
2026-02-22,3173,515351,3171,510891,656.0,127955.0,2026,2
2026-02-23,3205,506861,3196,503276,627.0,120257.0,2026,2
2026-02-24,3217,493512,3216,499719,603.0,115665.0,2026,2
2026-02-25,3191,501773,3208,504191,624.0,119565.0,2026,2
2026-02-26,3209,507116,3206,507314,644.0,123652.0,2026,2
2026-02-27,3190,511155,3200,512903,648.0,126584.0,2026,2
2026-02-28,3203,513409,3199,514267,543.0,108706.0,2026,2
2026-03-01,3239,505681,3255,506228,367.0,74244.0,2026,3
2026-03-02,3224,467188,3251,468244,355.0,66843.0,2026,3
2026-03-03,3156,413444,3147,415387,356.0,62212.0,2026,3
2026-03-04,3049,391202,3064,395990,381.0,69745.0,2026,3
2026-03-05,3137,448242,3110,442421,413.0,70835.0,2026,3
2026-03-06,3200,471516,3202,475339,432.0,75611.0,2026,3
2026-03-07,3174,487436,3169,482945,437.0,81477.0,2026,3
2026-03-08,3218,508514,3209,499349,465.0,86150.0,2026,3
2026-03-09,3241,506080,3246,504302,469.0,85308.0,2026,3
2026-03-10,3212,490652,3213,494327,452.0,83591.0,2026,3
2026-03-11,3234,488678,3219,490717,466.0,86941.0,2026,3
2026-03-12,3222,498319,3226,497267,468.0,86305.0,2026,3
2026-03-13,3203,503085,3192,500804,500.0,92348.0,2026,3
2026-03-14,3208,505324,3216,507486,496.0,93463.0,2026,3
2026-03-15,3187,503342,3169,497382,489.0,93491.0,2026,3
2026-03-16,3310,490469,3226,490681,469.0,88110.0,2026,3
2026-03-17,3223,473663,3154,473502,458.0,83339.0,2026,3
2026-03-18,3123,470968,3100,471086,471.0,88822.0,2026,3
2026-03-19,3247,480766,3246,486191,491.0,90998.0,2026,3
2026-03-20,3199,456012,3240,461017,495.0,90049.0,2026,3
2026-03-21,3195,454380,3201,460097,493.0,92777.0,2026,3
2026-03-22,3206,482374,3196,473762,509.0,95493.0,2026,3
2026-03-23,3194,477377,3205,479317,493.0,94256.0,2026,3
2026-03-24,3208,466162,3197,468533,459.0,86418.0,2026,3
2026-03-25,3194,469540,3197,473654,484.0,93838.0,2026,3
2026-03-26,3320,463983,3317,460181,488.0,95489.0,2026,3
2026-03-27,3181,467208,3169,458458,476.0,96654.0,2026,3
2026-03-28,3168,470179,3182,476666,517.0,97582.0,2026,3
2026-03-29,3196,469236,3188,467780,505.0,100208.0,2026,3
2026-03-30,3219,446670,3213,446490,487.0,94468.0,2026,3
2026-03-31,3139,434993,3124,429939,457.0,87224.0,2026,3
2026-04-01,3257,434708,3266,439337,482.0,94615.0,2026,4
2026-04-02,3228,437202,3222,441189,490.0,93327.0,2026,4
2026-04-03,3246,450666,3245,449416,497.0,96165.0,2026,4
2026-04-04,3212,435618,3206,429482,496.0,93695.0,2026,4
2026-04-05,3264,480287,3284,477217,511.0,93387.0,2026,4
2026-04-06,3283,468322,3274,469813,495.0,90811.0,2026,4
2026-04-07,3217,442735,3208,443406,474.0,86709.0,2026,4
2026-04-08,3268,451260,3279,455401,493.0,91010.0,2026,4
2026-04-09,3229,457456,3237,456561,483.0,88681.0,2026,4
2026-04-11,3240,481142,3251,485784,502.0,96418.0,2026,4
2026-04-12,3262,484633,3259,484841,521.0,102285.0,2026,4
2026-04-13,3256,452364,3259,455816,493.0,93406.0,2026,4
2026-04-14,3202,452711,3201,448964,470.0,88880.0,2026,4
2026-04-15,3232,460528,3240,459516,477.0,87362.0,2026,4
2026-04-16,3221,468445,3212,463716,493.0,92472.0,2026,4
2026-04-17,3434,457181,3141,452970,489.0,91930.0,2026,4
2026-04-18,3197,482563,3163,476328,518.0,100306.0,2026,4
2026-04-19,3501,545847,3512,539595,516.0,101059.0,2026,4
2026-04-20,3289,477996,3280,478953,505.0,97836.0,2026,4
2026-04-21,3165,450766,3164,451495,483.0,91612.0,2026,4
2026-04-22,3277,474306,3275,473854,496.0,93108.0,2026,4
2026-04-23,3242,465309,3237,468654,498.0,94800.0,2026,4
2026-04-24,3249,479605,3250,477502,519.0,100627.0,2026,4
2026-04-25,3236,486567,3236,487330,477.0,93806.0,2026,4
2026-04-26,3232,501864,3232,495479,515.0,101016.0,2026,4
2026-04-27,3258,491124,3248,490206,494.0,94595.0,2026,4
2026-04-28,3223,470838,3224,474750,491.0,91355.0,2026,4
2026-04-29,3211,475830,3179,472798,510.0,96101.0,2026,4
2026-04-30,3238,503220,3222,500610,503.0,99873.0,2026,4
2026-05-01,3310,502889,3322,508488,487.0,96381.0,2026,5
2026-05-02,3310,490994,3318,489892,531.0,106981.0,2026,5
2026-05-03,3304,508147,3308,498515,545.0,108177.0,2026,5
2026-05-05,3287,486408,3297,486358,537.0,102433.0,2026,5
2026-05-04,3337,492734,3300,486605,524.0,102449.0,2026,5
2026-05-06,3331,496507,3340,499254,521.0,102182.0,2026,5
2026-05-07,3243,486853,3222,480174,550.0,105782.0,2026,5
2026-05-08,3228,488363,3230,485102,530.0,102655.0,2026,5
2026-05-09,3319,509458,3314,512540,553.0,108668.0,2026,5
2026-05-10,3327,519288,3346,520528,563.0,110004.0,2026,5
2026-05-11,3356,506628,3360,506866,533.0,102611.0,2026,5
2026-05-12,3310,488617,3300,486899,499.0,95051.0,2026,5
2026-05-13,3292,491623,3281,486917,524.0,99667.0,2026,5
2026-05-14,3355,508409,3347,508898,525.0,99402.0,2026,5
2026-05-15,3341,515261,3338,513702,560.0,107977.0,2026,5
2026-05-16,3350,513672,3371,517941,561.0,107083.0,2026,5
2026-05-17,3322,518498,3319,515572,571.0,110990.0,2026,5
2026-05-18,3350,511856,3318,508291,553.0,104211.0,2026,5
2026-05-19,3308,491622,3339,499571,534.0,98414.0,2026,5
2026-05-20,3324,503817,3329,507249,558.0,102541.0,2026,5
2026-05-21,3326,508635,3317,509029,559.0,99694.0,2026,5
2026-05-22,3923,523198,3860,519877,577.0,99981.0,2026,5
2026-05-23,3349,530494,3342,522182,562.0,99298.0,2026,5
2026-05-24,3336,525641,3347,526862,580.0,100947.0,2026,5
2026-05-25,3366,514734,3353,512643,544.0,90849.0,2026,5
2026-05-26,3310,496655,3309,500757,525.0,86458.0,2026,5
2026-05-27,3336,509746,3345,509747,520.0,88980.0,2026,5
2026-05-28,3317,498926,3294,493591,531.0,91114.0,2026,5
2026-05-29,3347,489565,3344,488663,554.0,99896.0,2026,5
2026-05-30,3275,497309,3258,489748,713.0,93111.0,2026,5
2026-05-31,3326,516390,3359,517138,568.0,109679.0,2026,5
2026-06-01,3157,479611,3161,477188,558.0,105318.0,2026,6
2026-06-02,3068,467842,3075,459446,529.0,97406.0,2026,6
2026-06-03,3092,465314,3091,470472,542.0,98471.0,2026,6
